"","orig.ident","nCount_RNA","nFeature_RNA","percent.mt"
"AACCAACAGATAACGT-1","mousebrain",653,486,0
"AATCGTGGTGGTACAG-1","mousebrain",2077,1269,1.3480982185845
"AATGACCCAGACAAGC-1","mousebrain",4600,2156,4.97826086956522
"ACACGCGCAGCAGATG-1","mousebrain",5529,2497,2.89383251944294
"ACAGCCGCAATACAGA-1","mousebrain",505,394,0
"AGAAGTACAAGTACCT-1","mousebrain",4656,2468,4.63917525773196
"AGAGAGCGTTACCCAA-1","mousebrain",583,459,4.28816466552316
"AGGGCTCGTGAAAGTT-1","mousebrain",1316,912,4.55927051671733
"AGGTCTAAGGCAATGC-1","mousebrain",3104,1738,3.54381443298969
"AGTAACCGTCACTTAG-1","mousebrain",619,520,0
"ATCGTCCCAGTGCGCT-1","mousebrain",1780,1272,0
"ATTATCCTCCGGCAGT-1","mousebrain",4880,2434,3.29918032786885
"ATTCTTGCATTGCAAC-1","mousebrain",29159,449,0.58986933708289
"CAAAGAACACACACGC-1","mousebrain",4304,2354,2.04460966542751
"CAATTTCTCCTAAACG-1","mousebrain",1140,873,0
"CAGATACGTATGTCAC-1","mousebrain",20369,392,0.94260886641465
"CAGCACGGTCAGGAGT-1","mousebrain",1827,1308,1.09469074986316
"CATTGCCTCACTCTTA-1","mousebrain",812,599,0.246305418719212
"CCCTCTCTCCGAGGCT-1","mousebrain",17758,304,0.394188534744904
"CCCTGATAGAGGGTCT-1","mousebrain",5463,1970,3.51455244371225
"CTGCCATAGAAGCGAA-1","mousebrain",3789,1958,2.34890472420164
"CTGCCATAGAGTATAC-1","mousebrain",4746,2330,3.39233038348083
"GACCCTTCAGAGCTAG-1","mousebrain",13507,269,0.436810542681572
"GACCGTGTCTGACGCG-1","mousebrain",4331,1975,0
"GACGTTATCAAGCTTG-1","mousebrain",14932,207,0.1339405304045
"GCACATATCACTTGGA-1","mousebrain",1268,695,1.41955835962145
"GCCAACGAGGATCATA-1","mousebrain",3111,1748,3.63227258116361
"GCTGGGTTCCGGCAGT-1","mousebrain",4647,2365,4.75575640197977
"GGACGTCCAGATTTCG-1","mousebrain",4939,2203,0.0202470135654991
"GGGATGATCGGCGATC-1","mousebrain",2218,1120,0
"GTAGAAATCGGTCTGG-1","mousebrain",4926,2491,3.87738530247665
"GTCACGGCATTCAGCA-1","mousebrain",1141,786,0.0876424189307625
"GTCGTTCAGGAACGAA-1","mousebrain",1863,807,2.14707461084273
"GTCTACCTCTTTCGAT-1","mousebrain",1361,1020,0
"GTGCACGTCGCCAATA-1","mousebrain",23567,331,0.169728858149107
"GTGGAGACAGCGTACC-1","mousebrain",2026,1391,3.30700888450148
"GTTACAGTCTGGGATT-1","mousebrain",830,666,0
"GTTCGCTTCTGGCCAG-1","mousebrain",4654,2335,3.48087666523421
"GTTCTATTCTTGATTC-1","mousebrain",605,470,2.8099173553719
"TACACCCCAATGTCTG-1","mousebrain",5160,2376,4.24418604651163
"TACCCGTGTCCTCCAT-1","mousebrain",4034,2046,4.38770451165097
"TACCGAACATGAATAG-1","mousebrain",733,506,0.272851296043656
"TATCTGTAGATGGTAT-1","mousebrain",17800,377,1.13483146067416
"TATTTCGAGGATAATC-1","mousebrain",1266,970,0
"TCACACCTCTGCGGCA-1","mousebrain",1258,993,0
"TCATTGTAGGAATGTT-1","mousebrain",962,705,0
"TCTGCCAGTCTAACGT-1","mousebrain",3933,2156,3.96643783371472
"TCTTGCGCATGTTCGA-1","mousebrain",3831,1853,0.0261028452101279
"TCTTTGAAGACGCCAA-1","mousebrain",5082,2463,3.87642660369933
"TGAATGCGTCCCTAAA-1","mousebrain",1923,886,3.53614144565783
"TGATCAGGTGTATTCG-1","mousebrain",4369,2249,2.58640421149004
"TGGAGAGGTCTTGCGG-1","mousebrain",1690,740,0.118343195266272
"TGGAGGACACCGTACG-1","mousebrain",4283,2072,3.10530002334812
"TGGTAGTGTATGAAGT-1","mousebrain",13433,232,0.0893322414948262
"TGGTGATGTCCCGGTA-1","mousebrain",1069,759,0.561272217025257
"TTGCCTGGTTCCCAAA-1","mousebrain",2050,1469,0.0487804878048781
"TTTACTGAGAAGGGAT-1","mousebrain",1160,903,1.20689655172414
